What kind of degree do you have?,What is your job?,How many job experience years do you have?,Do you have any experience in dermatology?,How much experience do you have in dermatology?,Are you a dermatologist?,How much does dermoscopic image affect melanoma diagnosis?,How much does histological image affect melanoma diagnosis?,"If only the dermoscopic image is available, how reliable is the diagnosis?","If only the histological image is available, how reliable is the diagnosis?","If I have both the histological and dermoscopic images available, how reliable is the diagnosis?",What are the problems that can be encountered when acquiring a dermoscopic image?,What are the problems that can be encountered when acquiring a histological image?,What are the useful metrics to evaluate a dermoscopic image quality?,What are the relevant dermoscopic image features on which you focus more?,What are the relevant histological image features on which you focus more?,Do you think there are other relevant issues in melanoma diagnosis that the survey did not treat?,Nationality
PhD,dermatoPathologist,10,Yes,4,No,2,5,1,4,5,"Body hair;skin type; variation between scope brightness","Poor tissue preparation;Noise in the tissue (air bubbles, crease, ...);Non-uniform cutting;Poor digital scanning of glass microscopy slide",Image brightness,"Irregular shape, pigment networks","lymphovascular space invasion, melanocytic pleomorphism, atypical mitoses, apoptotic figures",does not specify glass slide versus digital slide histology assessment,United Kingdom
Master in Medicine,Doctor,6,Yes,4,Yes,4,5,3,5,5,Little lighting;Patient movement;Incorrect angle of the dermatoscope,"Poor tissue preparation;Noise in the tissue (air bubbles, crease, ...);Non-uniform cutting",Signal-to-noise ratio (SNR);Image brightness,"Image brightness, visual features","Histological details, anatomy, structure and role of the tissue",,Italy
Bachelor of Medicine,Doctor,1,Yes,2,No,4,5,3,4,5,Little lighting;Body hair;Patient movement;Incorrect angle of the dermatoscope,"Poor tissue preparation;Noise in the tissue (air bubbles, crease, ...);Non-uniform cutting",Signal-to-noise ratio (SNR);Contrast-to-noise ratio (CNR);Image brightness,"Irregular shape, colour, asymmetry","nests of melanocytes (variable size and shape), melanocytes within lymphovascular spaces",,Spain
PhD,Cancer research on melanoma,5,Yes,3,No,5,5,3,4,5,Body hair;Incorrect angle of the dermatoscope,Poor tissue preparation;Non-uniform cutting,Signal-to-noise ratio (SNR),"sharp demarcation, pigment networks, follicular/epidermal pattern, vascular pattern","asymmetry, cytological atypia, consumption of the epidermis, pagetoid spread of melanocytes, nests of melanocytes (variable size and shape), melanocytes within lymphovascular spaces, deep and atypical mitoses and increased apoptosis",,Italy
Bachelor of Medicine,Doctor,6,Yes,4,No,4,5,3,3,5,Little lighting;Body hair;Patient movement;Incorrect angle of the dermatoscope,Poor tissue preparation;Non-uniform cutting,Contrast-to-noise ratio (CNR);Image brightness,Skin moles,Skin moles,,South Africa
Master in Medicine,Doctor,5,Yes,3,No,5,5,3,4,5,Incorrect angle of the dermatoscope,"Poor tissue preparation;Noise in the tissue (air bubbles, crease, ...);Non-uniform cutting",Signal-to-noise ratio (SNR);Contrast-to-noise ratio (CNR),"ABCDE principles, asymmetry, boundary irregularities, colour, diameter, evolving","deep of cut, borders, design of the cells",,Portugal
Bachelor of Medicine,Doctor,2,Yes,2,No,3,3,4,4,4,Little lighting;Patient movement;Incorrect angle of the dermatoscope,"Poor tissue preparation;Noise in the tissue (air bubbles, crease, ...)",Signal-to-noise ratio (SNR);Contrast-to-noise ratio (CNR);Image brightness,visualization of subsurface skin structures in the epidermis,Tissues,,South Africa
Master in Medicine,Doctor,4,Yes,3,Yes,4,4,3,4,4,Patient movement,Poor tissue preparation,Image brightness,,,,Portugal
Bachelor of Medicine,Doctor,13,Yes,5,Yes,5,4,4,3,5,Little lighting;Incorrect angle of the dermatoscope,Poor tissue preparation;Non-uniform cutting,Contrast-to-noise ratio (CNR);Image brightness,"area, minor axis length","image segmentation, architectural pattern",,Canada
PhD,Dermatologist resident,Yes,Yes,4,Yes,3,4,3,4,4,Little lighting;Patient movement;Incorrect angle of the dermatoscope;Insufficient contact with the skin,Poor tissue preparation;Non-uniform cutting,Image brightness,Contrast,Sufficient tissue samples,,Netherlands
Bachelor of Medicine,Doctor,25,Yes,2,No,4,4,4,4,4,Little lighting;Body hair;Patient movement;Incorrect angle of the dermatoscope,"Poor tissue preparation;Noise in the tissue (air bubbles, crease, ...);Non-uniform cutting",Signal-to-noise ratio (SNR);Contrast-to-noise ratio (CNR);Image brightness,Body Hair,Noise in the tissue,,United States
Master in Medicine,Dermatologist resident,4,Yes,4,Yes,4,5,3,4,5,Little lighting;Body hair;Incorrect angle of the dermatoscope,Poor tissue preparation;Non-uniform cutting,Signal-to-noise ratio (SNR);Contrast-to-noise ratio (CNR),ABCDE principles,asymmetry,,Portugal
Master in Medicine,Doctor,1,Yes,3,No,4,4,4,5,5,Little lighting;Body hair;Patient movement;Incorrect angle of the dermatoscope,"Poor tissue preparation;Noise in the tissue (air bubbles, crease, ...)",Signal-to-noise ratio (SNR);Contrast-to-noise ratio (CNR),"colour, boundary irregularities",Color,,Mexico
Master in Medicine,CMO,16,Yes,5,Yes,4,4,3,4,4,"Body hair;product remnents; lack of contrast",Poor tissue preparation;Non-uniform cutting;artifacts,contrast between subject and background,"generalized structure, pigment networks, vascularization","cell structure, cell type, inflammation, detectible clark level",,United States
Master in Medicine,Dermatologist,3,Yes,4,Yes,5,5,4,5,5,Little lighting;Body hair;Patient movement;Incorrect angle of the dermatoscope,"Poor tissue preparation;Noise in the tissue (air bubbles, crease, ...);Non-uniform cutting;Not obtaining an usable sample; poor margins. ",Signal-to-noise ratio (SNR);Contrast-to-noise ratio (CNR);Image brightness,"When looking for a melanoma, I focus on the pigmentation of the lesion, the absence of pattern symmetry, color uniformity. Then I look for specific signs: blue-white veil, multiple brown dots, pseudopods, radial streaming, scarlike depigmentation, peripheral block dots/globules, 5 to 6 colors,... ","Absence/consumption of epidermis, spread of melanocytes with diferent size and shape, apoptosis rate, mitosis rate",Patient history,Portugal
Bachelor of Medicine,Doctor,2,Yes,3,Yes,3,5,3,4,5,Body hair;Incorrect angle of the dermatoscope,"Poor tissue preparation;Noise in the tissue (air bubbles, crease, ...);Non-uniform cutting",Image brightness,"asymmetry, boundary irregularities, evolution of changes over time if available","Epidermal changes, atypia, mitotic activity, nuclei aspect",,Mexico
Bachelor of Medicine,Doctor,6,Yes,1,No,2,4,2,4,5,Little lighting;Body hair;Patient movement;Incorrect angle of the dermatoscope,"Poor tissue preparation;Noise in the tissue (air bubbles, crease, ...);Non-uniform cutting",Signal-to-noise ratio (SNR);Contrast-to-noise ratio (CNR),"colour, boundary irregularities, symmetry, raised or not",nests of melanocytes (variable size and shape),,United Kingdom
Bachelor of Medicine,Medical Laboratory Scientist,10,Yes,3,No,3,3,4,3,3,Body hair,"Poor tissue preparation;Noise in the tissue (air bubbles, crease, ...)",Contrast-to-noise ratio (CNR);Image brightness,pigment networks,Pigment,,United Kingdom
Master in Medicine,Doctor,5,Yes,2,No,4,3,3,4,5,Little lighting;Body hair;Incorrect angle of the dermatoscope,Poor tissue preparation;Non-uniform cutting,Contrast-to-noise ratio (CNR);Image brightness,Brightness and sharpness of the image for adequate display of details,,Melanoma of the eye,Netherlands
Master in Medicine,Dermatologist,9,Yes,5,Yes,4,3,3,2,5,Little lighting;Body hair;Patient movement;Incorrect angle of the dermatoscope,"Poor tissue preparation;Noise in the tissue (air bubbles, crease, ...);Non-uniform cutting",Signal-to-noise ratio (SNR);Contrast-to-noise ratio (CNR);Image brightness,"colour, size of the lesions","Structure of the epidermis and dermis, spongiosis, signs of rubbing",,United States
Biomedical science,Physician associate,2,Yes,4,No,3,5,3,5,5,Little lighting;Body hair;Patient movement,"Poor tissue preparation;Noise in the tissue (air bubbles, crease, ...)",Contrast-to-noise ratio (CNR),"7 point checklist, asymmetry, pigment networks, ulceration, vascular morphology","Presence of ulceration, Breslow thickness, surgical margins",,United Kingdom
Bachelor of Medicine,Doctor,20,Yes,3,No,4,5,4,4,5,Little lighting;Incorrect angle of the dermatoscope,"Poor tissue preparation;Noise in the tissue (air bubbles, crease, ...);Non-uniform cutting",Contrast-to-noise ratio (CNR),"tissue of interest, surrounding changes",any changes not normal for that tissue,,Canada
Bachelor of Medicine,Doctor,General medicina consultation,Yes,2,No,5,5,3,5,5,Incorrect angle of the dermatoscope,Poor tissue preparation,Signal-to-noise ratio (SNR),Color,cell type,Age,Mexico
Bachelor of Medicine,Unemployed,3,Yes,1,No,4,5,3,5,5,Little lighting;Body hair;Patient movement;Incorrect angle of the dermatoscope,Poor tissue preparation;Not enough sample,Image brightness,"Growth, asymmetry, colour, elevation",Atypical melanocytes proliferation,,Mexico
Bachelor of Medicine,Dermatologist,4,Yes,4,Yes,4,4,4,4,5,Little lighting;Body hair;Incorrect angle of the dermatoscope,"Poor tissue preparation;Noise in the tissue (air bubbles, crease, ...)",Image brightness,pigment networks,Tissue anatomy ,,South Africa
Master in Medicine,Dermatologist resident,2,Yes,1,Yes,5,5,4,5,5,Incorrect angle of the dermatoscope,Poor tissue preparation;Non-uniform cutting,Contrast-to-noise ratio (CNR);Image brightness,"Shape, colour","Cellular appearance, architectural pattern, tissue ",,Portugal
Post graduate degree,Program and Research Associate,7,Yes,2,No,3,4,3,4,5,Little lighting;Body hair;Incorrect angle of the dermatoscope,Poor tissue preparation;Non-uniform cutting,Signal-to-noise ratio (SNR),pigment networks,Globules: Dermoscopic globules are round or oval-shaped structures seen within a lesion. They can vary in color and size and may provide important diagnostic clues.,Structureless Areas: These areas lack specific patterns or structures and are typically associated with melanoma or other malignant lesions.,United Kingdom
Master in Medicine,Dermatologist,2,Yes,2,Yes,3,4,3,4,5,Incorrect angle of the dermatoscope,Poor tissue preparation;Non-uniform cutting,Signal-to-noise ratio (SNR);Image brightness,pigment networks,Manificatoon,,South Africa
Bachelor of Medicine,Doctor,5,Yes,2,No,4,5,3,5,5,Little lighting;Body hair;Patient movement;Incorrect angle of the dermatoscope,"Poor tissue preparation;Noise in the tissue (air bubbles, crease, ...);Non-uniform cutting",Signal-to-noise ratio (SNR);Contrast-to-noise ratio (CNR);Image brightness,,,,Germany
Master in Medicine,Dermatologist,1,Yes,4,Yes,2,5,4,5,5,Little lighting;Body hair;Patient movement;Incorrect angle of the dermatoscope,Poor tissue preparation,Contrast-to-noise ratio (CNR),"colour, symmetry, boundary irregularities",Irregularities ,Evolution ,Germany
Bachelor of Medicine,Doctor,10,Yes,3,No,4,5,4,5,5,Little lighting;Body hair;Patient movement;Incorrect angle of the dermatoscope,"Poor tissue preparation;Noise in the tissue (air bubbles, crease, ...);Non-uniform cutting",Signal-to-noise ratio (SNR);Contrast-to-noise ratio (CNR);Image brightness,"Border, asymmetry, colour, demarcation, edges",Irregularity,,United Kingdom
Master in Medicine,medical resident anesthesia,2,Yes,2,No,5,5,3,5,5,Patient movement;lack of experience of the observer,Poor tissue preparation;lack of experience of the pathologist,Contrast-to-noise ratio (CNR),"vascular characteristics, extension and malignant characteristics",cellularity ,inmunohistochemistry ,Mexico
Bachelor of Medicine,Speciality Registrar (Dermatology),4,Yes,3,Yes,4,3,4,3,5,Body hair;Incorrect angle of the dermatoscope,"Poor tissue preparation;Noise in the tissue (air bubbles, crease, ...);Non-uniform cutting",Signal-to-noise ratio (SNR);Contrast-to-noise ratio (CNR),pigment networks,Tissue degradation,,United Kingdom
Master in Medicine,Doctor,5,Yes,1,No,3,5,3,5,5,Little lighting;Incorrect angle of the dermatoscope,"Poor tissue preparation;Noise in the tissue (air bubbles, crease, ...);Non-uniform cutting",Contrast-to-noise ratio (CNR);Image brightness,Good lighting and lens,Good preparation and elimation of artifacts,,Portugal
Master in Medicine,Doctor,17,Yes,5,Yes,4,3,2,3,4,Little lighting;Body hair;Patient movement;Incorrect angle of the dermatoscope,"Poor tissue preparation;Noise in the tissue (air bubbles, crease, ...);Non-uniform cutting",Contrast-to-noise ratio (CNR),"pigment networks, shapes of dark spots, hair growth","cell shape, nuclear shape, NC ratio",,United States
Master in Biochemistry,PhD Melanoma student,1,Yes,4,No,4,5,4,5,5,Little lighting;Body hair;Patient movement;Incorrect angle of the dermatoscope,"Poor tissue preparation;Noise in the tissue (air bubbles, crease, ...);Non-uniform cutting",Signal-to-noise ratio (SNR);Contrast-to-noise ratio (CNR);Image brightness,"colour, structures, symmetry, boundary irregularities, ulceration","asymmetry, ulcerations, cytological atypia, pagetoid involvement of the epidermis","the use of ancillary techniques such as molecular testing, or gene expression profiling",Chile
Oncology Therapeutic Development,therapist,3,Yes,3,Yes,4,5,4,4,4,Patient movement;Incorrect angle of the dermatoscope,"Poor tissue preparation;Noise in the tissue (air bubbles, crease, ...)",Signal-to-noise ratio (SNR);Contrast-to-noise ratio (CNR),I focus on similarity of skin feature with previously diagnosed case.,"circumscribed lesions, consumption of the epidermis",,United States
Master in Medicine,Physician associate,3,Yes,3,No,4,5,4,4,5,Body hair;Patient movement;Incorrect angle of the dermatoscope,"Poor tissue preparation;Noise in the tissue (air bubbles, crease, ...);Non-uniform cutting",Image brightness,"pigment networks, irregularity","Consumption of the epidermis, melanocyetes",,United Kingdom
Master in Medicine,Dermatologist,3,Yes,4,Yes,4,5,3,5,5,Little lighting;Body hair;Incorrect angle of the dermatoscope,"Poor tissue preparation;Noise in the tissue (air bubbles, crease, ...)",Contrast-to-noise ratio (CNR),Colour ,Tissues layering,,Portugal
Master in Medicine,Dermatologist,13,Yes,5,Yes,3,5,2,4,5,Little lighting;Body hair;Patient movement;Incorrect angle of the dermatoscope;Difficult location,"Poor tissue preparation;Noise in the tissue (air bubbles, crease, ...);Non-uniform cutting;Loss of sample ",Contrast-to-noise ratio (CNR);Image brightness,"Border change, vessels present, pigment change, multiple pigments","Depth of the melanoma, size of it and its grading","History including family history of melanoma, sun exposure, sunbed exposure etc help with diagnosis",United Kingdom
Master in Medicine,Doctor,6,Yes,1,No,4,5,3,5,5,Patient movement;Incorrect angle of the dermatoscope,"Poor tissue preparation;Noise in the tissue (air bubbles, crease, ...);Non-uniform cutting",Signal-to-noise ratio (SNR);Contrast-to-noise ratio (CNR);Image brightness,CNR,the quality of the obtained tissue,the way you obtained the tissue,Poland
PhD,Internist doctor,3,Yes,1,No,5,5,4,5,5,Patient movement,Non-uniform cutting,Signal-to-noise ratio (SNR),The bad definited limits and the diferent colores that can appear in the moles or body marks,proliferation of menalocytes through the basement membrane,Factor risks that increments the probabilities of developing cx,Mexico
Master in Medicine,Pediatrics resident,3,Yes,3,No,5,5,4,5,5,Incorrect angle of the dermatoscope,Poor tissue preparation;Non-uniform cutting,Signal-to-noise ratio (SNR),"asymmetry, edges, shape, colour, diameter","atypical melanocytes in the basal layer of the epidermis, level of invasion and thickness of the lesion ",Evoluci√≥n over time or systemic symptoms,Mexico
Bachelor in Dental Surgery,Dentist,3,Yes,4,No,4,4,2,4,5,Little lighting;Incorrect angle of the dermatoscope,"Poor tissue preparation;Noise in the tissue (air bubbles, crease, ...)",Signal-to-noise ratio (SNR);Contrast-to-noise ratio (CNR),"Atypical dots, pigment networks, lines, colour, prominence of the skin","Inflamatory cells, blood vessels",,Mexico
Master in Medicine,Radiation oncologist,15,Yes,4,No,5,5,4,5,5,Incorrect angle of the dermatoscope,Poor tissue preparation,Image brightness,"boundary irregularities,colour",Infiltrazione,,Italy
Master in Medicine,Doctor,13,Yes,3,No,5,5,4,5,5,Little lighting;Patient movement,Non-uniform cutting,Image brightness,ABCDE principles,Margins and biological factors,"Phototype, genetics",Italy
Master in Medicine,Dermatologist,18,Yes,5,Yes,4,4,3,4,4,Little lighting;Poor quality instrumentation ,,Image brightness,Dermoscopic criteria,Histological criteria,,Italy
Master in Medicine,Dermatologist,15,Yes,5,Yes,5,5,4,5,5,Body hair,Poor tissue preparation;Non-uniform cutting,Image brightness,Presence of atypia,Presence of atypia,,Italy
Master in Medicine,Dermatologist,23,Yes,5,Yes,4,5,3,5,5,Body hair,Non-uniform cutting,Image brightness,Serena pointer check lists (prof Argenziano),Tissue section,,Italy